title,year,venue,link,cluster,contribution,relevance,threat,why
LLM+P: Empowering Large Language Models with Optimal Planning Proficiency,2023,arXiv,https://arxiv.org/abs/2304.11477,LLM plus classical planning,"translates natural-language tasks into PDDL, delegates planning to a symbolic solver, and translates plans back",5,high,Closest architectural ancestor; it does not study candidate-pool selection pressure over verifier-compatible loopholes.
ReAct: Synergizing Reasoning and Acting in Language Models,2023,ICLR/arXiv,https://arxiv.org/abs/2210.03629,LLM agents and tool use,interleaves language reasoning traces with environment actions,4,medium,"Motivates language-action loops, but not symbolic checker selection or finite-N loophole concentration."
"Do As I Can, Not As I Say: Grounding Language in Robotic Affordances",2022,CoRL/arXiv,https://arxiv.org/abs/2204.01691,language-conditioned robotics,combines language-model scores with affordance values for robot skill selection,4,medium,"Uses an external feasibility signal, but the paper's central issue is not proxy-ranked selection over feasible-but-semantically-wrong plans."
Inner Monologue: Embodied Reasoning through Planning with Language Models,2022,CoRL/arXiv,https://arxiv.org/abs/2207.05608,language-conditioned robotics,feeds environment feedback into language-model planning loops,4,medium,"Adds feedback, but does not isolate proxy-selected semantic-symbolic mismatch as N grows."
Code as Policies: Language Model Programs for Embodied Control,2023,ICRA/arXiv,https://arxiv.org/abs/2209.07753,programmatic planning,represents robot policies as code generated by LLMs,3,low,"Program synthesis can contain execution mismatch, but the selection law and symbolic loopholes here are different."
Voyager: An Open-Ended Embodied Agent with Large Language Models,2023,arXiv,https://arxiv.org/abs/2305.16291,LLM agents and tool use,"builds an autonomous Minecraft agent with curriculum, skill library, and iterative prompting",3,low,"Emphasizes open-ended skill acquisition, not verifier-induced proxy-selection collapse."
Reflexion: Language Agents with Verbal Reinforcement Learning,2023,NeurIPS/arXiv,https://arxiv.org/abs/2303.11366,self-refinement and feedback,uses verbal feedback memories to improve language agents across attempts,3,medium,A plausible repair family; it does not give the semantic-symbolic loophole diagnostic or law.
Tree of Thoughts: Deliberate Problem Solving with Large Language Models,2023,NeurIPS/arXiv,https://arxiv.org/abs/2305.10601,inference-time search,searches over language reasoning states using evaluation and branching,4,medium,Relevant candidate-search ancestor; it is not about symbolic planners or execution-validity collapse.
Self-Consistency Improves Chain of Thought Reasoning in Language Models,2023,ICLR/arXiv,https://arxiv.org/abs/2203.11171,inference-time search,samples multiple reasoning paths and marginalizes over answers,3,medium,Canonical sample-more inference; it lacks an external symbolic verifier and hidden executor.
Toolformer: Language Models Can Teach Themselves to Use Tools,2023,NeurIPS/arXiv,https://arxiv.org/abs/2302.04761,tool use,self-supervises API call insertion for language models,2,low,Tool-use ancestor but not a planner-verifier selection study.
"MRKL Systems: A modular, neuro-symbolic architecture that combines large language models, external knowledge sources and discrete reasoning",2022,arXiv,https://arxiv.org/abs/2205.00445,neuro-symbolic systems,proposes routing LLMs to symbolic and external modules,3,low,"Broad architecture motivation, not a boundary-selection mechanism paper."
WebGPT: Browser-assisted question-answering with human feedback,2022,arXiv,https://arxiv.org/abs/2112.09332,tool use and verification,uses browsing tools and human preference modeling for answer selection,2,low,"Shows tool-mediated language systems, but the verifier and executor are not symbolic planners."
Training language models to follow instructions with human feedback,2022,NeurIPS/arXiv,https://arxiv.org/abs/2203.02155,reward models and selection,trains instruction-following models with human preference signals,2,low,"Important for reward models, but it is not an execution-grounded planner hybrid study."
Constitutional AI: Harmlessness from AI Feedback,2022,arXiv,https://arxiv.org/abs/2212.08073,AI feedback and verification,uses model-generated critique and preference learning for harmless assistants,2,low,Verification/critique lineage; no symbolic plan-checker or physical executor mismatch.
Constrained Markov Decision Processes,1999,CRC Press,https://doi.org/10.1201/9781315140223,constrained decision making,formalizes optimization under constraints in MDPs,3,medium,"Foundational constraints, but does not address learned language candidate generation or checker loopholes."
Reward Tampering Problems and Solutions in Reinforcement Learning: A Causal Influence Diagram Perspective,2021,Synthese/arXiv,https://arxiv.org/abs/1908.04734,reward hacking and specification gaming,analyzes agents that manipulate reward mechanisms,4,medium,Specification-gaming cousin; this project is about inference-time selection among plan candidates.
Learning to Plan with Natural Language,2023,arXiv,http://arxiv.org/abs/2304.10464v4,planning and reasoning,Large Language Models (LLMs) have shown remarkable performance in various basic natural language tasks,2,low,"Relevant to the landscape, but it does not directly subsume the tested mechanism: finite-N selection concentrating symbolic-valid semantic loopholes under a separate executor."
iCLP: Large Language Model Reasoning with Implicit Cognition Latent Planning,2025,arXiv,http://arxiv.org/abs/2512.24014v1,planning and reasoning,"Large language models (LLMs), when guided by explicit textual plans, can perform reliable step-by-step reasoning during problem-solving",3,low,"Relevant to the landscape, but it does not directly subsume the tested mechanism: finite-N selection concentrating symbolic-valid semantic loopholes under a separate executor."
Large Language Model Evaluation Via Multi AI Agents: Preliminary results,2024,arXiv,http://arxiv.org/abs/2404.01023v1,LLM agents and tool use,"As Large Language Models (LLMs) have become integral to both research and daily operations, rigorous evaluation is crucial",4,medium,"Relevant to the landscape, but it does not directly subsume the tested mechanism: finite-N selection concentrating symbolic-valid semantic loopholes under a separate executor."
"On the Planning, Search, and Memorization Capabilities of Large Language Models",2023,arXiv,http://arxiv.org/abs/2309.01868v1,inference-time search,"The rapid advancement of large language models, such as the Generative Pre-trained Transformer (GPT) series, has had significant implications across various disciplines",3,low,"Relevant to the landscape, but it does not directly subsume the tested mechanism: finite-N selection concentrating symbolic-valid semantic loopholes under a separate executor."
CPS-LLM: Large Language Model based Safe Usage Plan Generator for Human-in-the-Loop Human-in-the-Plant Cyber-Physical System,2024,arXiv,http://arxiv.org/abs/2405.11458v1,language-conditioned robotics,"We explore the usage of large language models (LLM) in human-in-the-loop human-in-the-plant cyber-physical systems (CPS) to translate a high-level prompt into a personalized plan of actions, and subsequently co",2,low,"Relevant to the landscape, but it does not directly subsume the tested mechanism: finite-N selection concentrating symbolic-valid semantic loopholes under a separate executor."
Large language model empowered participatory urban planning,2024,arXiv,http://arxiv.org/abs/2402.01698v1,LLM agents and tool use,Participatory urban planning is the mainstream of modern urban planning and involves the active engagement of different stakeholders,5,medium,"Relevant to the landscape, but it does not directly subsume the tested mechanism: finite-N selection concentrating symbolic-valid semantic loopholes under a separate executor."
SafeRun: Enabling Determinism in LLM Planning for Running,2026,arXiv,http://arxiv.org/abs/2606.09027v1,planning and reasoning,Large Language Models enable flexible natural-language planning but remain unreliable in determinism-critical domains due to their probabilistic nature,3,low,"Relevant to the landscape, but it does not directly subsume the tested mechanism: finite-N selection concentrating symbolic-valid semantic loopholes under a separate executor."
Monte Carlo Planning with Large Language Model for Text-Based Game Agents,2025,arXiv,http://arxiv.org/abs/2504.16855v1,LLM agents and tool use,Text-based games provide valuable environments for language-based autonomous agents,4,medium,"Relevant to the landscape, but it does not directly subsume the tested mechanism: finite-N selection concentrating symbolic-valid semantic loopholes under a separate executor."
Compositional Foundation Models for Hierarchical Planning,2023,arXiv,http://arxiv.org/abs/2309.08587v2,language-conditioned robotics,"To make effective decisions in novel environments with long-horizon goals, it is crucial to engage in hierarchical reasoning across spatial and temporal scales",4,medium,"Relevant to the landscape, but it does not directly subsume the tested mechanism: finite-N selection concentrating symbolic-valid semantic loopholes under a separate executor."
Self Generated Wargame AI: Double Layer Agent Task Planning Based on Large Language Model,2023,arXiv,http://arxiv.org/abs/2312.01090v2,LLM agents and tool use,The large language models represented by ChatGPT have a disruptive impact on the field of artificial intelligence,5,medium,"Relevant to the landscape, but it does not directly subsume the tested mechanism: finite-N selection concentrating symbolic-valid semantic loopholes under a separate executor."
Large Language Models as Planning Domain Generators,2024,arXiv,http://arxiv.org/abs/2405.06650v1,LLM plus classical planning,Developing domain models is one of the few remaining places that require manual human labor in AI planning,5,high,"Relevant to the landscape, but it does not directly subsume the tested mechanism: finite-N selection concentrating symbolic-valid semantic loopholes under a separate executor."
A Survey on Large Language Models for Automated Planning,2025,arXiv,http://arxiv.org/abs/2502.12435v1,inference-time search,The planning ability of Large Language Models (LLMs) has garnered increasing attention in recent years due to their remarkable capacity for multi-step reasoning and their ability to generalize across a wide ran,4,medium,"Relevant to the landscape, but it does not directly subsume the tested mechanism: finite-N selection concentrating symbolic-valid semantic loopholes under a separate executor."
A Prompt-driven Task Planning Method for Multi-drones based on Large Language Model,2024,arXiv,http://arxiv.org/abs/2406.00006v1,planning and reasoning,"With the rapid development of drone technology, the application of multi-drones is becoming increasingly widespread in various fields",3,low,"Relevant to the landscape, but it does not directly subsume the tested mechanism: finite-N selection concentrating symbolic-valid semantic loopholes under a separate executor."
Surgical Action Planning with Large Language Models,2025,arXiv,http://arxiv.org/abs/2503.18296v2,language-conditioned robotics,"In robot-assisted minimally invasive surgery, we introduce the Surgical Action Planning (SAP) task, which generates future action plans from visual inputs to address the absence of intraoperative predictive pla",3,low,"Relevant to the landscape, but it does not directly subsume the tested mechanism: finite-N selection concentrating symbolic-valid semantic loopholes under a separate executor."
Optimal Scene Graph Planning with Large Language Model Guidance,2023,arXiv,http://arxiv.org/abs/2309.09182v2,language-conditioned robotics,"Recent advances in metric, semantic, and topological mapping have equipped autonomous robots with semantic concept grounding capabilities to interpret natural language tasks",3,low,"Relevant to the landscape, but it does not directly subsume the tested mechanism: finite-N selection concentrating symbolic-valid semantic loopholes under a separate executor."
NL2Plan: Robust LLM-Driven Planning from Minimal Text Descriptions,2024,arXiv,http://arxiv.org/abs/2405.04215v2,LLM plus classical planning,"Classical planners are powerful systems, but modeling tasks in input formats such as PDDL is tedious and error-prone",5,high,"Relevant to the landscape, but it does not directly subsume the tested mechanism: finite-N selection concentrating symbolic-valid semantic loopholes under a separate executor."
"On The Planning Abilities of OpenAI's o1 Models: Feasibility, Optimality, and Generalizability",2024,arXiv,http://arxiv.org/abs/2409.19924v4,inference-time search,"Recent advancements in Large Language Models (LLMs) have showcased their ability to perform complex reasoning tasks, but their effectiveness in planning remains underexplored",3,low,"Relevant to the landscape, but it does not directly subsume the tested mechanism: finite-N selection concentrating symbolic-valid semantic loopholes under a separate executor."
Emergent Response Planning in LLMs,2025,arXiv,http://arxiv.org/abs/2502.06258v3,planning and reasoning,"In this work, we argue that large language models (LLMs), though trained to predict only the next token, exhibit emergent planning behaviors: $\textbf{their hidden representations encode future outputs beyond t",3,low,"Relevant to the landscape, but it does not directly subsume the tested mechanism: finite-N selection concentrating symbolic-valid semantic loopholes under a separate executor."
A Roadmap to Guide the Integration of LLMs in Hierarchical Planning,2025,arXiv,http://arxiv.org/abs/2501.08068v2,planning and reasoning,"Recent advances in Large Language Models (LLMs) are fostering their integration into several reasoning-related fields, including Automated Planning (AP)",4,medium,"Relevant to the landscape, but it does not directly subsume the tested mechanism: finite-N selection concentrating symbolic-valid semantic loopholes under a separate executor."
AgentGen: Enhancing Planning Abilities for Large Language Model based Agent via Environment and Task Generation,2024,arXiv,http://arxiv.org/abs/2408.00764v3,LLM agents and tool use,Large Language Model-based agents have garnered significant attention and are becoming increasingly popular,4,medium,"Relevant to the landscape, but it does not directly subsume the tested mechanism: finite-N selection concentrating symbolic-valid semantic loopholes under a separate executor."
Automatic Robot Task Planning by Integrating Large Language Model with Genetic Programming,2025,arXiv,http://arxiv.org/abs/2502.07772v1,language-conditioned robotics,"Accurate task planning is critical for controlling autonomous systems, such as robots, drones, and self-driving vehicles",3,low,"Relevant to the landscape, but it does not directly subsume the tested mechanism: finite-N selection concentrating symbolic-valid semantic loopholes under a separate executor."
AdaPlanBench: Evaluating Adaptive Planning in Large Language Model Agents under World and User Constraints,2026,arXiv,http://arxiv.org/abs/2606.05622v1,LLM agents and tool use,"Planning for real-world problems by language models often involves both world and user constraints, which may not be fully specified upfront and are progressively disclosed through interaction",4,medium,"Relevant to the landscape, but it does not directly subsume the tested mechanism: finite-N selection concentrating symbolic-valid semantic loopholes under a separate executor."
Unlocking the Future: Exploring Look-Ahead Planning Mechanistic Interpretability in Large Language Models,2024,arXiv,http://arxiv.org/abs/2406.16033v1,language-conditioned robotics,"Planning, as the core module of agents, is crucial in various fields such as embodied agents, web navigation, and tool using",4,medium,"Relevant to the landscape, but it does not directly subsume the tested mechanism: finite-N selection concentrating symbolic-valid semantic loopholes under a separate executor."
Exploring and Benchmarking the Planning Capabilities of Large Language Models,2024,arXiv,http://arxiv.org/abs/2406.13094v2,LLM plus classical planning,Classical and natural language planning tasks remain a difficult domain for modern large language models (LLMs),4,medium,"Relevant to the landscape, but it does not directly subsume the tested mechanism: finite-N selection concentrating symbolic-valid semantic loopholes under a separate executor."
Self-planning Code Generation with Large Language Models,2023,arXiv,http://arxiv.org/abs/2303.06689v5,planning and reasoning,"Although large language models (LLMs) have demonstrated impressive ability in code generation, they are still struggling to address the complicated intent provided by humans",3,low,"Relevant to the landscape, but it does not directly subsume the tested mechanism: finite-N selection concentrating symbolic-valid semantic loopholes under a separate executor."
Bootstrapping Object-level Planning with Large Language Models,2024,arXiv,http://arxiv.org/abs/2409.12262v4,LLM plus classical planning,"We introduce a new method that extracts knowledge from a large language model (LLM) to produce object-level plans, which describe high-level changes to object state, and uses them to bootstrap task and motion p",5,high,"Relevant to the landscape, but it does not directly subsume the tested mechanism: finite-N selection concentrating symbolic-valid semantic loopholes under a separate executor."
TP-RAG: Benchmarking Retrieval-Augmented Large Language Model Agents for Spatiotemporal-Aware Travel Planning,2025,arXiv,http://arxiv.org/abs/2504.08694v1,LLM agents and tool use,"Large language models (LLMs) have shown promise in automating travel planning, yet they often fall short in addressing nuanced spatiotemporal rationality",4,medium,"Relevant to the landscape, but it does not directly subsume the tested mechanism: finite-N selection concentrating symbolic-valid semantic loopholes under a separate executor."
iPLAN: Redefining Indoor Wireless Network Planning Through Large Language Models,2025,arXiv,http://arxiv.org/abs/2507.19096v1,LLM agents and tool use,Efficient indoor wireless network (IWN) planning is crucial for providing high-quality 5G in-building services,4,medium,"Relevant to the landscape, but it does not directly subsume the tested mechanism: finite-N selection concentrating symbolic-valid semantic loopholes under a separate executor."
Evaluating Cognitive Maps and Planning in Large Language Models with CogEval,2023,arXiv,http://arxiv.org/abs/2309.15129v1,planning and reasoning,Recently an influx of studies claim emergent cognitive abilities in large language models (LLMs),3,low,"Relevant to the landscape, but it does not directly subsume the tested mechanism: finite-N selection concentrating symbolic-valid semantic loopholes under a separate executor."
Large Language Model for Participatory Urban Planning,2024,arXiv,http://arxiv.org/abs/2402.17161v1,LLM agents and tool use,Participatory urban planning is the mainstream of modern urban planning that involves the active engagement of residents,5,medium,"Relevant to the landscape, but it does not directly subsume the tested mechanism: finite-N selection concentrating symbolic-valid semantic loopholes under a separate executor."
HBTP: Heuristic Behavior Tree Planning with Large Language Model Reasoning,2024,arXiv,http://arxiv.org/abs/2406.00965v5,language-conditioned robotics,"Behavior Trees (BTs) are increasingly becoming a popular control structure in robotics due to their modularity, reactivity, and robustness",3,low,"Relevant to the landscape, but it does not directly subsume the tested mechanism: finite-N selection concentrating symbolic-valid semantic loopholes under a separate executor."
"Chasing Progress, Not Perfection: Revisiting Strategies for End-to-End LLM Plan Generation",2024,arXiv,http://arxiv.org/abs/2412.10675v1,reward models and verification,The capability of Large Language Models (LLMs) to plan remains a topic of debate,5,high,"Relevant to the landscape, but it does not directly subsume the tested mechanism: finite-N selection concentrating symbolic-valid semantic loopholes under a separate executor."
"Decompose, Plan in Parallel, and Merge: A Novel Paradigm for Large Language Models based Planning with Multiple Constraints",2025,arXiv,http://arxiv.org/abs/2506.02683v1,LLM agents and tool use,"Despite significant advances in Large Language Models (LLMs), planning tasks still present challenges for LLM-based agents",5,medium,"Relevant to the landscape, but it does not directly subsume the tested mechanism: finite-N selection concentrating symbolic-valid semantic loopholes under a separate executor."
Improving Large Language Model Planning with Action Sequence Similarity,2025,arXiv,http://arxiv.org/abs/2505.01009v1,LLM plus classical planning,Planning is essential for artificial intelligence systems to look ahead and proactively determine a course of actions to reach objectives in the virtual and real world,4,medium,"Relevant to the landscape, but it does not directly subsume the tested mechanism: finite-N selection concentrating symbolic-valid semantic loopholes under a separate executor."
Planning with Large Language Models for Code Generation,2023,arXiv,http://arxiv.org/abs/2303.05510v1,inference-time search,Existing large language model-based code generation pipelines typically use beam search or sampling algorithms during the decoding process,4,medium,"Relevant to the landscape, but it does not directly subsume the tested mechanism: finite-N selection concentrating symbolic-valid semantic loopholes under a separate executor."
Novelty Adaptation Through Hybrid Large Language Model (LLM)-Symbolic Planning and LLM-guided Reinforcement Learning,2026,arXiv,http://arxiv.org/abs/2603.11351v1,LLM plus classical planning,"In dynamic open-world environments, autonomous agents often encounter novelties that hinder their ability to find plans to achieve their goals",5,high,"Relevant to the landscape, but it does not directly subsume the tested mechanism: finite-N selection concentrating symbolic-valid semantic loopholes under a separate executor."
PSALM-V: Automating Symbolic Planning in Interactive Visual Environments with Large Language Models,2025,arXiv,http://arxiv.org/abs/2506.20097v1,LLM plus classical planning,"We propose PSALM-V, the first autonomous neuro-symbolic learning system able to induce symbolic action semantics (i.e., pre- and post-conditions) in visual environments through interaction",5,high,"Relevant to the landscape, but it does not directly subsume the tested mechanism: finite-N selection concentrating symbolic-valid semantic loopholes under a separate executor."
Teaching LLMs to Plan: Logical Chain-of-Thought Instruction Tuning for Symbolic Planning,2025,arXiv,http://arxiv.org/abs/2509.13351v1,LLM plus classical planning,"Large language models (LLMs) have demonstrated impressive capabilities across diverse tasks, yet their ability to perform structured symbolic planning remains limited, particularly in domains requiring formal r",5,high,"Relevant to the landscape, but it does not directly subsume the tested mechanism: finite-N selection concentrating symbolic-valid semantic loopholes under a separate executor."
Agent+P: Guiding UI Agents via Symbolic Planning,2025,arXiv,http://arxiv.org/abs/2510.06042v2,LLM plus classical planning,Large Language Model (LLM)-based UI agents show great promise for UI automation but often hallucinate in long-horizon tasks due to their lack of understanding of the global UI transition structure,5,high,"Relevant to the landscape, but it does not directly subsume the tested mechanism: finite-N selection concentrating symbolic-valid semantic loopholes under a separate executor."
Aligning LLM+PDDL Symbolic Plans with Human Objective Specifications through Evolutionary Algorithm Guidance,2024,arXiv,http://arxiv.org/abs/2412.00300v2,LLM plus classical planning,"Automated planning using a symbolic planning language, such as PDDL, is a general approach to producing optimal plans to achieve a stated goal",5,high,"Relevant to the landscape, but it does not directly subsume the tested mechanism: finite-N selection concentrating symbolic-valid semantic loopholes under a separate executor."
Bounding Boxes as Goals: Language-Conditioned Grasping via Neuro-Symbolic Planning,2026,arXiv,http://arxiv.org/abs/2606.12910v1,LLM plus classical planning,"For robotics to be effectively integrated into household or industrial environments, machines must adapt to natural-language prompts in real time",5,high,"Relevant to the landscape, but it does not directly subsume the tested mechanism: finite-N selection concentrating symbolic-valid semantic loopholes under a separate executor."
Planning in the Dark: LLM-Symbolic Planning Pipeline without Experts,2024,arXiv,http://arxiv.org/abs/2409.15915v1,LLM plus classical planning,"Large Language Models (LLMs) have shown promise in solving natural language-described planning tasks, but their direct use often leads to inconsistent reasoning and hallucination",5,high,"Relevant to the landscape, but it does not directly subsume the tested mechanism: finite-N selection concentrating symbolic-valid semantic loopholes under a separate executor."
Part-X-MLLM: Part-aware 3D Multimodal Large Language Model,2025,arXiv,http://arxiv.org/abs/2511.13647v1,LLM plus classical planning,"We introduce Part-X-MLLM, a native 3D multimodal large language model that unifies diverse 3D tasks by formulating them as programs in a structured, executable grammar",5,high,"Relevant to the landscape, but it does not directly subsume the tested mechanism: finite-N selection concentrating symbolic-valid semantic loopholes under a separate executor."
Planning with Vision-Language Models and a Use Case in Robot-Assisted Teaching,2025,arXiv,http://arxiv.org/abs/2501.17665v1,LLM plus classical planning,"Automating the generation of Planning Domain Definition Language (PDDL) with Large Language Model (LLM) opens new research topic in AI planning, particularly for complex real-world tasks",5,high,"Relevant to the landscape, but it does not directly subsume the tested mechanism: finite-N selection concentrating symbolic-valid semantic loopholes under a separate executor."
Maritime Mission Planning for Unmanned Surface Vessel using Large Language Model,2025,arXiv,http://arxiv.org/abs/2503.12065v1,LLM plus classical planning,Unmanned Surface Vessels (USVs) are essential for various maritime operations,5,high,"Relevant to the landscape, but it does not directly subsume the tested mechanism: finite-N selection concentrating symbolic-valid semantic loopholes under a separate executor."
Adaptive Domain Modeling with Language Models: A Multi-Agent Approach to Task Planning,2025,arXiv,http://arxiv.org/abs/2506.19592v2,LLM plus classical planning,"We introduce TAPAS (Task-based Adaptation and Planning using AgentS), a multi-agent framework that integrates Large Language Models (LLMs) with symbolic planning to solve complex tasks without the need for manu",5,high,"Relevant to the landscape, but it does not directly subsume the tested mechanism: finite-N selection concentrating symbolic-valid semantic loopholes under a separate executor."
ViPlan: A Benchmark for Visual Planning with Symbolic Predicates and Vision-Language Models,2025,arXiv,http://arxiv.org/abs/2505.13180v2,LLM plus classical planning,"Integrating Large Language Models with symbolic planners is a promising direction for obtaining verifiable and grounded plans, with recent work extending this idea to visual domains using Vision-Language Models",5,high,"Relevant to the landscape, but it does not directly subsume the tested mechanism: finite-N selection concentrating symbolic-valid semantic loopholes under a separate executor."
Frontier Large Language Models Rival State-of-the-Art Planners,2025,arXiv,http://arxiv.org/abs/2511.09378v2,LLM plus classical planning,A series of influential studies established that large language models cannot reliably solve even simple planning tasks,5,high,"Relevant to the landscape, but it does not directly subsume the tested mechanism: finite-N selection concentrating symbolic-valid semantic loopholes under a separate executor."
Learning to Reason over Scene Graphs: A Case Study of Finetuning GPT-2 into a Robot Language Model for Grounded Task Planning,2023,arXiv,http://arxiv.org/abs/2305.07716v1,LLM plus classical planning,Long-horizon task planning is essential for the development of intelligent assistive and service robots,5,high,"Relevant to the landscape, but it does not directly subsume the tested mechanism: finite-N selection concentrating symbolic-valid semantic loopholes under a separate executor."
From Sands to Mansions: Towards Automated Cyberattack Emulation with Classical Planning and Large Language Models,2024,arXiv,http://arxiv.org/abs/2407.16928v4,LLM plus classical planning,Evolving attacker capabilities demand realistic and continuously updated cyberattack emulation for threat-informed defense and security benchmarking,5,high,"Relevant to the landscape, but it does not directly subsume the tested mechanism: finite-N selection concentrating symbolic-valid semantic loopholes under a separate executor."
AutoGPT+P: Affordance-based Task Planning with Large Language Models,2024,arXiv,http://arxiv.org/abs/2402.10778v2,LLM plus classical planning,Recent advances in task planning leverage Large Language Models (LLMs) to improve generalizability by combining such models with classical planning algorithms to address their inherent limitations in reasoning ,5,high,"Relevant to the landscape, but it does not directly subsume the tested mechanism: finite-N selection concentrating symbolic-valid semantic loopholes under a separate executor."
Symbolic Planning and Code Generation for Grounded Dialogue,2023,arXiv,http://arxiv.org/abs/2310.17140v1,LLM plus classical planning,Large language models (LLMs) excel at processing and generating both text and code,5,high,"Relevant to the landscape, but it does not directly subsume the tested mechanism: finite-N selection concentrating symbolic-valid semantic loopholes under a separate executor."
Enhancing Cognitive Robotics with Commonsense through LLM-Generated Preconditions and Subgoals,2025,arXiv,http://arxiv.org/abs/2512.00069v1,LLM plus classical planning,Robots often fail at everyday tasks because instructions skip commonsense details like hidden preconditions and small subgoals,5,high,"Relevant to the landscape, but it does not directly subsume the tested mechanism: finite-N selection concentrating symbolic-valid semantic loopholes under a separate executor."
SYMDIREC: A Neuro-Symbolic Divide-Retrieve-Conquer Framework for Enhanced RTL Synthesis and Summarization,2026,arXiv,http://arxiv.org/abs/2603.17208v1,LLM plus classical planning,"Register-Transfer Level (RTL) synthesis and summarization are central to hardware design automation but remain challenging for Large Language Models (LLMs) due to rigid HDL syntax, limited supervision, and weak",5,high,"Relevant to the landscape, but it does not directly subsume the tested mechanism: finite-N selection concentrating symbolic-valid semantic loopholes under a separate executor."
Self-CriTeach: LLM Self-Teaching and Self-Critiquing for Improving Robotic Planning via Automated Domain Generation,2025,arXiv,http://arxiv.org/abs/2509.21543v3,LLM plus classical planning,"Large Language Models (LLMs) have shown strong promise for robotic task planning, particularly through the automatic generation of symbolic planning domains",5,high,"Relevant to the landscape, but it does not directly subsume the tested mechanism: finite-N selection concentrating symbolic-valid semantic loopholes under a separate executor."
Closed-Loop Verbal Reinforcement Learning for Task-Level Robotic Planning,2026,arXiv,http://arxiv.org/abs/2603.22169v1,LLM plus classical planning,We propose a new Verbal Reinforcement Learning (VRL) framework for interpretable task-level planning in mobile robotic systems operating under execution uncertainty,5,high,"Relevant to the landscape, but it does not directly subsume the tested mechanism: finite-N selection concentrating symbolic-valid semantic loopholes under a separate executor."
Meta-Optimization and Program Search using Language Models for Task and Motion Planning,2025,arXiv,http://arxiv.org/abs/2505.03725v2,LLM plus classical planning,Intelligent interaction with the real world requires robotic agents to jointly reason over high-level plans and low-level controls,5,high,"Relevant to the landscape, but it does not directly subsume the tested mechanism: finite-N selection concentrating symbolic-valid semantic loopholes under a separate executor."
Constrained Natural Language Action Planning for Resilient Embodied Systems,2025,arXiv,http://arxiv.org/abs/2510.06357v1,LLM plus classical planning,Replicating human-level intelligence in the execution of embodied tasks remains challenging due to the unconstrained nature of real-world environments,5,high,"Relevant to the landscape, but it does not directly subsume the tested mechanism: finite-N selection concentrating symbolic-valid semantic loopholes under a separate executor."
AAAI Workshop on AI Planning for Cyber-Physical Systems -- CAIPI24,2024,arXiv,http://arxiv.org/abs/2410.07245v1,LLM plus classical planning,"The workshop 'AI-based Planning for Cyber-Physical Systems', which took place on February 26, 2024, as part of the 38th Annual AAAI Conference on Artificial Intelligence in Vancouver, Canada, brought together r",5,high,"Relevant to the landscape, but it does not directly subsume the tested mechanism: finite-N selection concentrating symbolic-valid semantic loopholes under a separate executor."
CoMIC: Collaborative Memory and Insights Circulation for Long-Horizon LLM Agents in Cloud-Edge Systems,2026,arXiv,http://arxiv.org/abs/2606.00756v1,LLM plus classical planning,"Deploying lightweight Large Language Model (LLM) agents on edge servers can reduce latency and move agentic services closer to users, but resource-constrained edge models often struggle with long-horizon tasks ",5,high,"Relevant to the landscape, but it does not directly subsume the tested mechanism: finite-N selection concentrating symbolic-valid semantic loopholes under a separate executor."
Scaling LLM Planning: NL2FLOW for Parametric Problem Generation and Rigorous Evaluation,2025,arXiv,http://arxiv.org/abs/2507.02253v6,LLM plus classical planning,"Robust workflow composition is critical for effective agent performance, yet progress in Large Language Model (LLM) planning and reasoning is hindered by a scarcity of scalable evaluation data",5,high,"Relevant to the landscape, but it does not directly subsume the tested mechanism: finite-N selection concentrating symbolic-valid semantic loopholes under a separate executor."
LLM-VLM Fusion Framework for Autonomous Maritime Port Inspection using a Heterogeneous UAV-USV System,2026,arXiv,http://arxiv.org/abs/2601.13096v1,LLM plus classical planning,"Maritime port inspection plays a critical role in ensuring safety, regulatory compliance, and operational efficiency in complex maritime environments",5,high,"Relevant to the landscape, but it does not directly subsume the tested mechanism: finite-N selection concentrating symbolic-valid semantic loopholes under a separate executor."
Plansformer: Generating Symbolic Plans using Transformers,2022,arXiv,http://arxiv.org/abs/2212.08681v1,language-conditioned robotics,"Large Language Models (LLMs) have been the subject of active research, significantly advancing the field of Natural Language Processing (NLP)",5,medium,"Relevant to the landscape, but it does not directly subsume the tested mechanism: finite-N selection concentrating symbolic-valid semantic loopholes under a separate executor."
An LLM-Based Assistance System for Intuitive and Flexible Capability-Based Planning,2026,arXiv,http://arxiv.org/abs/2605.28666v1,LLM plus classical planning,"In modern industry, dynamic environments and the complexity of modular and reconfigurable resources require automated planning of process sequences",5,high,"Relevant to the landscape, but it does not directly subsume the tested mechanism: finite-N selection concentrating symbolic-valid semantic loopholes under a separate executor."
KGLAMP: Knowledge Graph-guided Language model for Adaptive Multi-robot Planning and Replanning,2026,arXiv,http://arxiv.org/abs/2602.04129v2,LLM plus classical planning,Heterogeneous multi-robot systems are increasingly used in long-horizon missions requiring coordinated planning across diverse capabilities,5,high,"Relevant to the landscape, but it does not directly subsume the tested mechanism: finite-N selection concentrating symbolic-valid semantic loopholes under a separate executor."
LLM-assisted Semantic Option Discovery for Facilitating Adaptive Deep Reinforcement Learning,2026,arXiv,http://arxiv.org/abs/2603.01488v2,LLM plus classical planning,"Despite achieving remarkable success in complex tasks, Deep Reinforcement Learning (DRL) is still suffering from critical issues in practical applications, such as low data efficiency, lack of interpretability,",5,high,"Relevant to the landscape, but it does not directly subsume the tested mechanism: finite-N selection concentrating symbolic-valid semantic loopholes under a separate executor."
Optimizing LLM Prompt Engineering with DSPy Based Declarative Learning,2026,arXiv,http://arxiv.org/abs/2604.04869v1,LLM plus classical planning,"Large Language Models (LLMs) have shown strong performance across a wide range of natural language processing tasks; however, their effectiveness is highly dependent on prompt design, structure, and embedded re",5,high,"Relevant to the landscape, but it does not directly subsume the tested mechanism: finite-N selection concentrating symbolic-valid semantic loopholes under a separate executor."
Optimizing Prompt Sequences using Monte Carlo Tree Search for LLM-Based Optimization,2025,arXiv,http://arxiv.org/abs/2508.05995v1,LLM plus classical planning,"Large language models (LLMs) have demonstrated remarkable capabilities in code generation and structured reasoning; however, their performance often degrades on complex tasks that require consistent multi-step ",5,high,"Relevant to the landscape, but it does not directly subsume the tested mechanism: finite-N selection concentrating symbolic-valid semantic loopholes under a separate executor."
Language-Augmented Symbolic Planner for Open-World Task Planning,2024,arXiv,http://arxiv.org/abs/2407.09792v1,LLM plus classical planning,Enabling robotic agents to perform complex long-horizon tasks has been a long-standing goal in robotics and artificial intelligence (AI),5,high,"Relevant to the landscape, but it does not directly subsume the tested mechanism: finite-N selection concentrating symbolic-valid semantic loopholes under a separate executor."
HeroBench: A Benchmark for Long-Horizon Planning and Structured Reasoning in Virtual Worlds,2025,arXiv,http://arxiv.org/abs/2508.12782v2,LLM plus classical planning,"Large language models (LLMs) perform well on step-by-step reasoning benchmarks such as mathematics and code generation, yet their ability to carry out robust long-horizon planning under realistic constraints re",5,high,"Relevant to the landscape, but it does not directly subsume the tested mechanism: finite-N selection concentrating symbolic-valid semantic loopholes under a separate executor."
Real-World Cooking Robot System from Recipes Based on Food State Recognition Using Foundation Models and PDDL,2024,arXiv,http://arxiv.org/abs/2410.02874v2,LLM plus classical planning,"Although there is a growing demand for cooking behaviours as one of the expected tasks for robots, a series of cooking behaviours based on new recipe descriptions by robots in the real world has not yet been re",5,high,"Relevant to the landscape, but it does not directly subsume the tested mechanism: finite-N selection concentrating symbolic-valid semantic loopholes under a separate executor."
Language Models For Generalised PDDL Planning: Synthesising Sound and Programmatic Policies,2025,arXiv,http://arxiv.org/abs/2508.18507v1,LLM plus classical planning,We study the usage of language models (LMs) for planning over world models specified in the Planning Domain Definition Language (PDDL),5,high,"Relevant to the landscape, but it does not directly subsume the tested mechanism: finite-N selection concentrating symbolic-valid semantic loopholes under a separate executor."
Leveraging Environment Interaction for Automated PDDL Translation and Planning with Large Language Models,2024,arXiv,http://arxiv.org/abs/2407.12979v2,LLM plus classical planning,"Large Language Models (LLMs) have shown remarkable performance in various natural language tasks, but they often struggle with planning problems that require structured reasoning",5,high,"Relevant to the landscape, but it does not directly subsume the tested mechanism: finite-N selection concentrating symbolic-valid semantic loopholes under a separate executor."
Generating consistent PDDL domains with Large Language Models,2024,arXiv,http://arxiv.org/abs/2404.07751v1,LLM plus classical planning,Large Language Models (LLMs) are capable of transforming natural language domain descriptions into plausibly looking PDDL markup,5,high,"Relevant to the landscape, but it does not directly subsume the tested mechanism: finite-N selection concentrating symbolic-valid semantic loopholes under a separate executor."
GenePlan: Evolving Better Generalized PDDL Plans using Large Language Models,2026,arXiv,http://arxiv.org/abs/2603.09481v1,LLM plus classical planning,"We present GenePlan (GENeralized Evolutionary Planner), a novel framework that leverages large language model (LLM) assisted evolutionary algorithms to generate domain-dependent generalized planners for classic",5,high,"Relevant to the landscape, but it does not directly subsume the tested mechanism: finite-N selection concentrating symbolic-valid semantic loopholes under a separate executor."
Generalized Planning in PDDL Domains with Pretrained Large Language Models,2023,arXiv,http://arxiv.org/abs/2305.11014v2,LLM plus classical planning,"Recent work has considered whether large language models (LLMs) can function as planners: given a task, generate a plan",5,high,"Relevant to the landscape, but it does not directly subsume the tested mechanism: finite-N selection concentrating symbolic-valid semantic loopholes under a separate executor."
Automating the Generation of Prompts for LLM-based Action Choice in PDDL Planning,2023,arXiv,http://arxiv.org/abs/2311.09830v4,LLM plus classical planning,Large language models (LLMs) have revolutionized a large variety of NLP tasks,5,high,"Relevant to the landscape, but it does not directly subsume the tested mechanism: finite-N selection concentrating symbolic-valid semantic loopholes under a separate executor."
An Extensive Evaluation of PDDL Capabilities in off-the-shelf LLMs,2025,arXiv,http://arxiv.org/abs/2502.20175v1,LLM plus classical planning,"In recent advancements, large language models (LLMs) have exhibited proficiency in code generation and chain-of-thought reasoning, laying the groundwork for tackling automatic formal planning tasks",5,high,"Relevant to the landscape, but it does not directly subsume the tested mechanism: finite-N selection concentrating symbolic-valid semantic loopholes under a separate executor."
PDDL-Mind: Large Language Models are Capable on Belief Reasoning with Reliable State Tracking,2026,arXiv,http://arxiv.org/abs/2604.17819v1,LLM plus classical planning,"Large language models (LLMs) perform substantially below human level on existing theory-of-mind (ToM) benchmarks, even when augmented with chain-of-thought prompting or probabilistic belief updates",5,high,"Relevant to the landscape, but it does not directly subsume the tested mechanism: finite-N selection concentrating symbolic-valid semantic loopholes under a separate executor."
SPAR: Scalable LLM-based PDDL Domain Generation for Aerial Robotics,2025,arXiv,http://arxiv.org/abs/2509.13691v1,LLM plus classical planning,"We investigate the problem of automatic domain generation for the Planning Domain Definition Language (PDDL) using Large Language Models (LLMs), with a particular focus on unmanned aerial vehicle (UAV) tasks",5,high,"Relevant to the landscape, but it does not directly subsume the tested mechanism: finite-N selection concentrating symbolic-valid semantic loopholes under a separate executor."
End-to-end PDDL Planning with Hardcoded and Dynamic Agents,2025,arXiv,http://arxiv.org/abs/2512.09629v2,LLM plus classical planning,We present an end-to-end framework for planning supported by verifiers,5,high,"Relevant to the landscape, but it does not directly subsume the tested mechanism: finite-N selection concentrating symbolic-valid semantic loopholes under a separate executor."
Agentic LLM Planning via Step-Wise PDDL Simulation: An Empirical Characterisation,2026,arXiv,http://arxiv.org/abs/2603.06064v1,LLM plus classical planning,"Task planning, the problem of sequencing actions to reach a goal from an initial state, is a core capability requirement for autonomous robotic systems",5,high,"Relevant to the landscape, but it does not directly subsume the tested mechanism: finite-N selection concentrating symbolic-valid semantic loopholes under a separate executor."
PIP-LLM: Integrating PDDL-Integer Programming with LLMs for Coordinating Multi-Robot Teams Using Natural Language,2025,arXiv,http://arxiv.org/abs/2510.22784v1,LLM plus classical planning,"Enabling robot teams to execute natural language commands requires translating high-level instructions into feasible, efficient multi-robot plans",5,high,"Relevant to the landscape, but it does not directly subsume the tested mechanism: finite-N selection concentrating symbolic-valid semantic loopholes under a separate executor."
LaMMA-P: Generalizable Multi-Agent Long-Horizon Task Allocation and Planning with LM-Driven PDDL Planner,2024,arXiv,http://arxiv.org/abs/2409.20560v2,LLM plus classical planning,"Language models (LMs) possess a strong capability to comprehend natural language, making them effective in translating human instructions into detailed plans for simple robot tasks",5,high,"Relevant to the landscape, but it does not directly subsume the tested mechanism: finite-N selection concentrating symbolic-valid semantic loopholes under a separate executor."
On the Limit of Language Models as Planning Formalizers,2024,arXiv,http://arxiv.org/abs/2412.09879v4,LLM plus classical planning,Large Language Models have been found to create plans that are neither executable nor verifiable in grounded environments,5,high,"Relevant to the landscape, but it does not directly subsume the tested mechanism: finite-N selection concentrating symbolic-valid semantic loopholes under a separate executor."
EmboTeam: Grounding LLM Reasoning into Reactive Behavior Trees via PDDL for Embodied Multi-Robot Collaboration,2026,arXiv,http://arxiv.org/abs/2601.11063v2,LLM plus classical planning,"In embodied artificial intelligence, enabling heterogeneous robot teams to execute long-horizon tasks from high-level instructions remains a critical challenge",5,high,"Relevant to the landscape, but it does not directly subsume the tested mechanism: finite-N selection concentrating symbolic-valid semantic loopholes under a separate executor."
A Framework for Neurosymbolic Robot Action Planning using Large Language Models,2023,arXiv,http://arxiv.org/abs/2303.00438v3,LLM plus classical planning,Symbolic task planning is a widely used approach to enforce robot autonomy due to its ease of understanding and deployment in robot architectures,5,high,"Relevant to the landscape, but it does not directly subsume the tested mechanism: finite-N selection concentrating symbolic-valid semantic loopholes under a separate executor."
TwoStep: Multi-agent Task Planning using Classical Planners and Large Language Models,2024,arXiv,http://arxiv.org/abs/2403.17246v2,LLM plus classical planning,Classical planning formulations like the Planning Domain Definition Language (PDDL) admit action sequences guaranteed to achieve a goal state given an initial state if any are possible,5,high,"Relevant to the landscape, but it does not directly subsume the tested mechanism: finite-N selection concentrating symbolic-valid semantic loopholes under a separate executor."
Generating Symbolic World Models via Test-time Scaling of Large Language Models,2025,arXiv,http://arxiv.org/abs/2502.04728v2,LLM plus classical planning,"Solving complex planning problems requires Large Language Models (LLMs) to explicitly model the state transition to avoid rule violations, comply with constraints, and ensure optimality-a task hindered by the i",5,high,"Relevant to the landscape, but it does not directly subsume the tested mechanism: finite-N selection concentrating symbolic-valid semantic loopholes under a separate executor."
Using Large Language Models for Abstraction of Planning Domains - Extended Version,2025,arXiv,http://arxiv.org/abs/2510.20258v1,LLM plus classical planning,"Generating an abstraction of a dynamic domain that aligns with a given purpose remains a significant challenge given that the choice of such an abstraction can impact an agent's ability to plan, reason, and pro",5,high,"Relevant to the landscape, but it does not directly subsume the tested mechanism: finite-N selection concentrating symbolic-valid semantic loopholes under a separate executor."
"Vision Language Models Cannot Plan, but Can They Formalize?",2025,arXiv,http://arxiv.org/abs/2509.21576v1,LLM plus classical planning,"The advancement of vision language models (VLMs) has empowered embodied agents to accomplish simple multimodal planning tasks, but not long-horizon ones requiring long sequences of actions",5,high,"Relevant to the landscape, but it does not directly subsume the tested mechanism: finite-N selection concentrating symbolic-valid semantic loopholes under a separate executor."
Leveraging Pre-trained Large Language Models to Construct and Utilize World Models for Model-based Task Planning,2023,arXiv,http://arxiv.org/abs/2305.14909v2,LLM plus classical planning,There is a growing interest in applying pre-trained large language models (LLMs) to planning problems,5,high,"Relevant to the landscape, but it does not directly subsume the tested mechanism: finite-N selection concentrating symbolic-valid semantic loopholes under a separate executor."
Using Large Language Models for Interpreting Autonomous Robots Behaviors,2023,arXiv,http://arxiv.org/abs/2304.14844v1,LLM plus classical planning,The deployment of autonomous robots in various domains has raised significant concerns about their trustworthiness and accountability,4,medium,"Relevant to the landscape, but it does not directly subsume the tested mechanism: finite-N selection concentrating symbolic-valid semantic loopholes under a separate executor."
Query-Efficient Planning with Language Models,2024,arXiv,http://arxiv.org/abs/2412.06162v1,LLM plus classical planning,Planning in complex environments requires an agent to efficiently query a world model to find a feasible sequence of actions from start to goal,5,high,"Relevant to the landscape, but it does not directly subsume the tested mechanism: finite-N selection concentrating symbolic-valid semantic loopholes under a separate executor."
Grammar Prompting for Domain-Specific Language Generation with Large Language Models,2023,arXiv,http://arxiv.org/abs/2305.19234v3,LLM plus classical planning,Large language models (LLMs) can learn to perform a wide range of natural language tasks from just a handful of in-context examples,5,high,"Relevant to the landscape, but it does not directly subsume the tested mechanism: finite-N selection concentrating symbolic-valid semantic loopholes under a separate executor."
DKPROMPT: Domain Knowledge Prompting Vision-Language Models for Open-World Planning,2024,arXiv,http://arxiv.org/abs/2406.17659v1,LLM plus classical planning,"Vision-language models (VLMs) have been applied to robot task planning problems, where the robot receives a task in natural language and generates plans based on visual inputs",5,high,"Relevant to the landscape, but it does not directly subsume the tested mechanism: finite-N selection concentrating symbolic-valid semantic loopholes under a separate executor."
RePrompt: Planning by Automatic Prompt Engineering for Large Language Models Agents,2024,arXiv,http://arxiv.org/abs/2406.11132v2,LLM plus classical planning,"In the past year, large language models (LLMs) have had remarkable success in domains outside the traditional natural language processing, and their capacity is further expanded into the so-called LLM agents wh",5,high,"Relevant to the landscape, but it does not directly subsume the tested mechanism: finite-N selection concentrating symbolic-valid semantic loopholes under a separate executor."
Leveraging Pre-trained Large Language Models with Refined Prompting for Online Task and Motion Planning,2025,arXiv,http://arxiv.org/abs/2504.21596v1,LLM plus classical planning,"With the rapid advancement of artificial intelligence, there is an increasing demand for intelligent robots capable of assisting humans in daily tasks and performing complex operations",5,high,"Relevant to the landscape, but it does not directly subsume the tested mechanism: finite-N selection concentrating symbolic-valid semantic loopholes under a separate executor."
Zero-Shot Goal Recognition with Large Language Models,2026,arXiv,http://arxiv.org/abs/2605.15333v1,LLM plus classical planning,"Large language models have recently reached near-parity with classical planners on well-known planning domains, yet this competence relies on world-knowledge exploitation rather than genuine symbolic reasoning",5,high,"Relevant to the landscape, but it does not directly subsume the tested mechanism: finite-N selection concentrating symbolic-valid semantic loopholes under a separate executor."
Consolidating Trees of Robotic Plans Generated Using Large Language Models to Improve Reliability,2024,arXiv,http://arxiv.org/abs/2401.07868v1,LLM plus classical planning,"The inherent probabilistic nature of Large Language Models (LLMs) introduces an element of unpredictability, raising concerns about potential discrepancies in their output",5,high,"Relevant to the landscape, but it does not directly subsume the tested mechanism: finite-N selection concentrating symbolic-valid semantic loopholes under a separate executor."
Planetarium: A Rigorous Benchmark for Translating Text to Structured Planning Languages,2024,arXiv,http://arxiv.org/abs/2407.03321v2,LLM plus classical planning,Recent works have explored using language models for planning problems,5,high,"Relevant to the landscape, but it does not directly subsume the tested mechanism: finite-N selection concentrating symbolic-valid semantic loopholes under a separate executor."
VeriPlan: Integrating Formal Verification and LLMs into End-User Planning,2025,arXiv,http://arxiv.org/abs/2502.17898v1,LLM agents and tool use,"Automated planning is traditionally the domain of experts, utilized in fields like manufacturing and healthcare with the aid of expert planning tools",5,medium,"Relevant to the landscape, but it does not directly subsume the tested mechanism: finite-N selection concentrating symbolic-valid semantic loopholes under a separate executor."
PerceptTwin: Semantic Scene Reconstruction for Iterative LLM Planning and Verification,2026,arXiv,http://arxiv.org/abs/2606.04226v1,language-conditioned robotics,Simulation environments are useful for both robot policy learning and planning verification and validation,5,medium,"Relevant to the landscape, but it does not directly subsume the tested mechanism: finite-N selection concentrating symbolic-valid semantic loopholes under a separate executor."
Plan Verification for LLM-Based Embodied Task Completion Agents,2025,arXiv,http://arxiv.org/abs/2509.02761v4,language-conditioned robotics,"Large language model (LLM) based task plans and corresponding human demonstrations for embodied AI may be noisy, with unnecessary actions, redundant navigation, and logical errors that reduce policy quality",5,medium,"Relevant to the landscape, but it does not directly subsume the tested mechanism: finite-N selection concentrating symbolic-valid semantic loopholes under a separate executor."
